{
    "results": {
        "tool": {
            "name": "pytest",
            "version": "8.4.1"
        },
        "summary": {
            "tests": 2,
            "passed": 2,
            "failed": 0,
            "skipped": 0,
            "pending": 0,
            "other": 0,
            "start": 1768172182.9056795,
            "stop": 1768172182.9809422
        },
        "tests": [
            {
                "name": "test_outputs.py::test_summary_file_exists",
                "status": "passed",
                "duration": 0.00046418397687375546,
                "start": 1768172182.979305,
                "stop": 1768172182.9800038,
                "retries": 0,
                "file_path": "test_outputs.py"
            },
            {
                "name": "test_outputs.py::test_summary_structure_and_counts",
                "status": "passed",
                "duration": 0.0004306129994802177,
                "start": 1768172182.9802027,
                "stop": 1768172182.98077,
                "retries": 0,
                "file_path": "test_outputs.py"
            }
        ]
    }
}